topic,attractor_attractor_dist,non_attractor_non_attractor_dist,attractor_non_attractor_dist,num_attractors,num_non_attractors
technology,0.13320293111279113,0.13866971187845017,0.13085754359426985,16,6
science,0.05214499333002907,0.11186177786214489,0.1306993719723256,12,6
business,0.16428617494566652,0.12217249267462275,0.1384258456637447,11,7
health,0.08728390467626504,0.14331082507716142,0.16734533389637157,17,9
entertainment,0.09514100344217606,0.10079951360366622,0.15399148296962617,12,4
